{
  "default_livingmotions": {
    "chase": "epicfight:wither_skeleton/chase",
    "aim": "",
    "death": "epicfight:biped/living/death",
    "float": "epicfight:biped/living/float",
    "mount": "epicfight:biped/living/mount",
    "idle": "cdmoveset:biped/new/dual_tachi/uchigatana_idle",
    "fall": "epicfight:biped/living/fall",
    "walk": "battle_arts:battle_style/novice/squire/sword/walk"
  },
  "renderer": "epicfight:custom",
  "stun_animations": {
    "short": "epicfight:biped/combat/hit_short",
    "knockdown": "cdmoveset:biped/hit/knockdown",
    "neutralize": "epicfight:enderman/neutralized",
    "long": "epicfight:biped/combat/hit_long",
    "fall": "epicfight:biped/interact/blade_rush_hit"
  },
  "attributes": {
    "max_strikes": ""
  },
  "swing_sound": "",
  "armature": "epicfight:entity/biped",
  "model": "epicfight:entity/biped_outlayer",
  "combat_behavior": [],
  "humanoid_weapon_motions": [],
  "faction": "undead",
  "isHumanoid": true
}