{
  "styles": {
    "default": "two_hand",
    "cases": [
      {
        "conditions": [
          {
            "predicate": "epicfight:offhand_item_category",
            "category": "not_weapon"
          }
        ],
        "style": "two_hand"
      }
    ]
  },
  "collider": {
    "center": [
      0.0,
      0.0,
      -0.25
    ],
    "number": 3,
    "size": [
      0.4,
      0.4,
      0.55
    ]
  },
  "hit_particle": "wom:solar_hit",
  "category": "ranged",
  "swing_sound": "epicfight:entity.weapon.whoosh_hard",
  "combos": {
    "two_hand": [
      "wom:biped/combat/enderblaster_onehand_auto_1",
      "wom:biped/combat/enderblaster_onehand_auto_2",
      "wom:biped/combat/enderblaster_onehand_auto_3",
      "epicfight:biped/skill/revelation_normal",
      "epicfight:biped/skill/revelation_twohand",
      "wom:biped/combat/enderblaster_onehand_dash",
      "wom:biped/combat/enderblaster_onehand_jumpkick"
    ]
  },
  "hit_sound": "epicfight:entity.hit.blunt",
  "livingmotion_modifier": {
    "two_hand": {
      "idle": "epicfight:biped/living/hold_crossbow",
      "run": "epicfight:biped/living/run_longsword",
      "walk": "epicfight:biped/living/walk_longsword"
    }
  }
}