{
  "innate_skills": {
    "one_hand": "epicfight:relentless_combo",
    "two_hand": "epicfight:relentless_combo"
  },
  "hit_sound": "epicfight:entity.hit.blunt",
  "combos": {
    "two_hand": [
      "wom:biped/combat/enderblaster_twohand_auto_1",
      "wom:biped/combat/enderblaster_twohand_auto_2",
      "wom:biped/combat/enderblaster_twohand_auto_3",
      "epicfight:biped/skill/revelation_normal",
      "epicfight:biped/skill/revelation_twohand",
      "wom:biped/combat/enderblaster_onehand_dash",
      "wom:biped/combat/enderblaster_twohand_dash"
    ],
    "one_hand": [
      "wom:biped/combat/enderblaster_onehand_auto_1",
      "wom:biped/combat/enderblaster_onehand_auto_2",
      "wom:biped/combat/enderblaster_onehand_auto_3",
      "epicfight:biped/skill/revelation_normal",
      "epicfight:biped/skill/revelation_twohand",
      "wom:biped/combat/enderblaster_onehand_dash",
      "wom:biped/combat/enderblaster_twohand_dash"
    ]
  },
  "offhand_item_compatible_predicate": [
    {
      "category": "fist",
      "predicate": "epicfight:offhand_item_category"
    }
  ],
  "swing_sound": "epicfight:entity.weapon.whoosh",
  "hit_particle": "wom:solar_hit",
  "collider": {
    "center": [
      0.0,
      0.0,
      0.0
    ],
    "size": [
      0.4,
      0.4,
      0.4
    ],
    "number": 5
  },
  "category": "fist",
  "styles": {
    "cases": [
      {
        "style": "one_hand",
        "conditions": [
          {
            "predicate": "epicfight:offhand_item_category",
            "category": "not_weapon"
          }
        ]
      },
      {
        "conditions": [
          {
            "category": "fist",
            "predicate": "epicfight:offhand_item_category"
          }
        ],
        "style": "two_hand"
      }
    ],
    "default": "one_hand"
  },
  "usable_in_offhand": true
}