{
  "combos": {
    "one_hand": [
      "cdmoveset:biped/new/dual_greatsword/combat/greatsword_twohand_auto_1",
      "cdmoveset:biped/new/dual_greatsword/combat/greatsword_twohand_auto_2",
      "cdmoveset:biped/new/dual_greatsword/combat/greatsword_twohand_auto_3",
      "wom:biped/combat/solar_auto_2",
      "cdmoveset:biped/new/dual_greatsword/combat/greatsword_dash",
      "cdmoveset:biped/new/dual_greatsword/combat/greatsword_airslash"
    ]
  },
  "styles": {
    "cases": [
      {
        "style": "one_hand",
        "conditions": [
          {
            "category": "not_weapon",
            "predicate": "epicfight:offhand_item_category"
          }
        ]
      }
    ],
    "default": "one_hand"
  },
  "innate_skills": {
    "one_hand": "cdmoveset:wind_slash"
  },
  "livingmotion_modifier": {
    "one_hand": {
      "block": "epicfight:biped/skill/guard_greatsword",
      "run": "cdmoveset:biped/new/dual_greatsword/living/greatsword_dual_run",
      "idle": "epicfight:biped/living/hold_greatsword",
      "walk": "epicfight:biped/living/walk_greatsword"
    }
  },
  "collider": {
    "number": 5,
    "center": [
      0.0,
      0.0,
      -0.8
    ],
    "size": [
      0.4,
      0.6,
      1.2
    ]
  },
  "swing_sound": "epicfight:entity.weapon.whoosh_hard",
  "hit_sound": "epicfight:entity.hit.blunt_hard",
  "category": "greatsword",
  "hit_particle": "wom:solar_hit"
}