{
  "combos": {
    "one_hand": [
      "cdmoveset:biped/new/sword/sword_onehand_auto_1",
      "cdmoveset:biped/new/sword/sword_onehand_auto_2",
      "cdmoveset:biped/new/sword/sword_onehand_auto_3",
      "cdmoveset:biped/new/sword/sword_onehand_auto_4",
      "wom:biped/combat/herrscher_auto_3",
      "cdmoveset:biped/new/dagger/skill/blade_rush_first",
      "wom:biped/combat/katana_tsukuyomi"
    ]
  },
  "hit_particle": "wom:solar_hit",
  "collider": {
    "number": 5,
    "size": [
      0.4,
      0.4,
      0.55
    ],
    "center": [
      0.0,
      0.0,
      -0.5
    ]
  },
  "innate_skills": {
    "one_hand": "cdmoveset:wind_slash"
  },
  "hit_sound": "epicfight:entity.hit.blunt",
  "category": "axe",
  "livingmotion_modifier": {
    "one_hand": {
      "walk": "epicfight:biped/living/walk_longsword",
      "block": "epicfight:biped/skill/guard_sword",
      "idle": "epicfight:biped/living/hold_longsword",
      "run": "epicfight:biped/living/run_longsword"
    }
  },
  "styles": {
    "default": "one_hand",
    "cases": [
      {
        "style": "one_hand",
        "conditions": [
          {
            "predicate": "epicfight:offhand_item_category",
            "category": "not_weapon"
          }
        ]
      }
    ]
  },
  "swing_sound": "epicfight:entity.weapon.whoosh_hard"
}