{
  "styles": {
    "default": "one_hand",
    "cases": [
      {
        "conditions": [
          {
            "predicate": "epicfight:offhand_item_category",
            "category": "not_weapon"
          }
        ],
        "style": "one_hand"
      },
      {
        "conditions": [
          {
            "predicate": "epicfight:offhand_item_category",
            "category": "ranged"
          }
        ],
        "style": "two_hand"
      }
    ]
  },
  "collider": {
    "center": [
      0.0,
      0.0,
      -0.25
    ],
    "number": 3,
    "size": [
      0.4,
      0.4,
      0.55
    ]
  },
  "hit_particle": "wom:solar_hit",
  "offhand_item_compatible_predicate": [
    {
      "predicate": "epicfight:offhand_item_category",
      "category": "ranged"
    }
  ],
  "category": "ranged",
  "swing_sound": "epicfight:entity.weapon.whoosh_rod",
  "combos": {
    "one_hand": [
      "wom:biped/combat/enderblaster_onehand_auto_1",
      "wom:biped/combat/enderblaster_onehand_auto_2",
      "wom:biped/combat/enderblaster_onehand_auto_3",
      "epicfight:biped/skill/revelation_normal",
      "epicfight:biped/skill/revelation_twohand",
      "wom:biped/combat/enderblaster_onehand_dash",
      "wom:biped/combat/enderblaster_onehand_jumpkick"
    ],
    "two_hand": [
      "wom:biped/combat/enderblaster_twohand_auto_1",
      "wom:biped/combat/enderblaster_twohand_auto_2",
      "wom:biped/combat/enderblaster_twohand_auto_3",
      "epicfight:biped/skill/revelation_normal",
      "epicfight:biped/skill/revelation_twohand",
      "wom:biped/combat/enderblaster_twohand_tishnaw",
      "wom:biped/combat/enderblaster_twohand_dash"
    ]
  },
  "hit_sound": "epicfight:entity.hit.blunt",
  "livingmotion_modifier": {
    "one_hand": {
      "idle": "wom:biped/skill/enderblaster_onehand_aiming",
      "run": "wom:biped/living/enderblaster_onehand_run",
      "walk": "wom:biped/living/enderblaster_onehand_walk"
    },
    "two_hand": {
      "idle": "wom:biped/skill/enderblaster_twohand_aiming",
      "run": "wom:biped/living/enderblaster_onehand_run",
      "walk": "wom:biped/living/enderblaster_twohand_walk"
    }
  },
  "usable_in_offhand": true
}