{
  "livingmotion_modifier": {
    "two_hand": {
      "run": "wom:biped/living/ruine_run",
      "walk": "epicfight:biped/living/walk_longsword",
      "block": "wom:biped/skill/ruine_block",
      "idle": "wom:biped/living/katana_idle"
    }
  },
  "collider": {
    "number": 5,
    "size": [
      0.4,
      0.4,
      0.8
    ],
    "center": [
      0.0,
      0.0,
      -0.75
    ]
  },
  "innate_skills": {
    "two_hand": "wom:plunder_perdition"
  },
  "swing_sound": "epicfight:entity.weapon.whoosh",
  "styles": {
    "default": "two_hand",
    "cases": [
      {
        "conditions": [
          {
            "predicate": "epicfight:offhand_item_category",
            "category": "not_weapon"
          }
        ],
        "style": "two_hand"
      }
    ]
  },
  "combos": {
    "two_hand": [
      "wom:biped/combat/ruine_auto_1",
      "wom:biped/combat/ruine_auto_2",
      "cdmoveset:biped/new/dual_tachi/great_tachi_auto3",
      "cdmoveset:biped/new/dual_tachi/great_tachi_auto4",
      "wom:biped/combat/ruine_comet",
      "wom:biped/combat/solar_obscuridad_auto_4"
    ]
  },
  "hit_sound": "epicfight:entity.hit.blade",
  "hit_particle": "wom:solar_hit",
  "category": "longsword"
}