{
	"format_version": "1.12.0",
	"minecraft:geometry": [
		{
			"description": {
				"identifier": "geometry.unknown",
				"texture_width": 128,
				"texture_height": 128,
				"visible_bounds_width": 4,
				"visible_bounds_height": 5.5,
				"visible_bounds_offset": [0, 2.25, 0]
			},
			"bones": [
				{
					"name": "bipedHead",
					"pivot": [0, 24, 0]
				},
				{
					"name": "armorHead",
					"parent": "bipedHead",
					"pivot": [0, 24, 0],
					"cubes": [
						{
							"origin": [-4, 30, -4],
							"size": [8, 2, 8],
							"inflate": 0.35,
							"uv": {
								"north": {"uv": [4, 61], "uv_size": [8, 2]},
								"east": {"uv": [12, 62], "uv_size": [8, 2]},
								"south": {"uv": [20, 62], "uv_size": [8, 2]},
								"west": {"uv": [62, 20], "uv_size": [8, 2]},
								"up": {"uv": [36, 29], "uv_size": [8, 8]},
								"down": {"uv": [36, 45], "uv_size": [8, -8]}
							}
						},
						{
							"origin": [-4.3, 30, -4.6],
							"size": [8.6, 0.75, 0.75],
							"uv": {
								"north": {"uv": [62, 22], "uv_size": [9, 1]},
								"east": {"uv": [33, 21], "uv_size": [1, 1]},
								"south": {"uv": [62, 23], "uv_size": [9, 1]},
								"west": {"uv": [34, 21], "uv_size": [1, 1]},
								"up": {"uv": [63, 28], "uv_size": [9, 1]},
								"down": {"uv": [63, 30], "uv_size": [9, -1]}
							}
						},
						{
							"origin": [-4.6, 30, -4.6],
							"size": [0.75, 0.75, 9.2],
							"inflate": -0.002,
							"uv": {
								"north": {"uv": [35, 21], "uv_size": [1, 1]},
								"east": {"uv": [63, 30], "uv_size": [9, 1]},
								"south": {"uv": [40, 27], "uv_size": [1, 1]},
								"west": {"uv": [63, 31], "uv_size": [9, 1]},
								"up": {"uv": [33, 12], "uv_size": [1, 9]},
								"down": {"uv": [34, 21], "uv_size": [1, -9]}
							}
						},
						{
							"origin": [-4.3, 30, 3.85],
							"size": [8.6, 0.75, 0.75],
							"uv": {
								"north": {"uv": [64, 0], "uv_size": [9, 1]},
								"east": {"uv": [40, 28], "uv_size": [1, 1]},
								"south": {"uv": [64, 1], "uv_size": [9, 1]},
								"west": {"uv": [41, 10], "uv_size": [1, 1]},
								"up": {"uv": [64, 2], "uv_size": [9, 1]},
								"down": {"uv": [64, 4], "uv_size": [9, -1]}
							}
						},
						{
							"origin": [3.85, 30, -4.6],
							"size": [0.75, 0.75, 9.2],
							"inflate": -0.002,
							"uv": {
								"north": {"uv": [41, 11], "uv_size": [1, 1]},
								"east": {"uv": [64, 4], "uv_size": [9, 1]},
								"south": {"uv": [41, 27], "uv_size": [1, 1]},
								"west": {"uv": [64, 5], "uv_size": [9, 1]},
								"up": {"uv": [35, 12], "uv_size": [1, 9]},
								"down": {"uv": [44, 72], "uv_size": [1, -9]}
							}
						}
					]
				},
				{
					"name": "horn",
					"parent": "armorHead",
					"pivot": [-14, 14.25, -2.5],
					"cubes": [
						{
							"origin": [6.15, 77.95, 0.25],
							"size": [12.5, 11, 0],
							"inflate": 0.01,
							"pivot": [11, 55.25, -2.5],
							"rotation": [0, 0, -142.5],
							"uv": {
								"north": {"uv": [20, 0], "uv_size": [13, 11]},
								"east": {"uv": [0, 0], "uv_size": [0, 11]},
								"south": {"uv": [20, 11], "uv_size": [13, 11]},
								"west": {"uv": [0, 0], "uv_size": [0, 11]},
								"up": {"uv": [0, 0], "uv_size": [13, 0]},
								"down": {"uv": [0, 0], "uv_size": [13, 0]}
							}
						},
						{
							"origin": [12.25, 77.95, -1.5],
							"size": [3.5, 8, 3.5],
							"inflate": 0.01,
							"pivot": [11, 55.25, -2.5],
							"rotation": [0, 0, -142.5],
							"uv": {
								"north": {"uv": [36, 57], "uv_size": [4, 8]},
								"east": {"uv": [40, 57], "uv_size": [4, 8]},
								"south": {"uv": [48, 57], "uv_size": [4, 8]},
								"west": {"uv": [0, 58], "uv_size": [4, 8]},
								"up": {"uv": [4, 63], "uv_size": [4, 4]},
								"down": {"uv": [8, 67], "uv_size": [4, -4]}
							}
						},
						{
							"origin": [14, 37.25, -1.5],
							"size": [3.5, 9, 3.5],
							"pivot": [14, 14.25, -2.5],
							"rotation": [0, 0, -52.5],
							"uv": {
								"north": {"uv": [52, 24], "uv_size": [4, 9]},
								"east": {"uv": [12, 53], "uv_size": [4, 9]},
								"south": {"uv": [16, 53], "uv_size": [4, 9]},
								"west": {"uv": [54, 33], "uv_size": [4, 9]},
								"up": {"uv": [28, 62], "uv_size": [4, 4]},
								"down": {"uv": [32, 66], "uv_size": [4, -4]}
							}
						},
						{
							"origin": [-17.5, 37.25, -1.5],
							"size": [3.5, 9, 3.5],
							"pivot": [-14, 14.25, -2.5],
							"rotation": [0, 0, 52.5],
							"uv": {
								"north": {"uv": [56, 24], "uv_size": [-4, 9]},
								"east": {"uv": [58, 33], "uv_size": [-4, 9]},
								"south": {"uv": [20, 53], "uv_size": [-4, 9]},
								"west": {"uv": [16, 53], "uv_size": [-4, 9]},
								"up": {"uv": [32, 62], "uv_size": [-4, 4]},
								"down": {"uv": [36, 66], "uv_size": [-4, -4]}
							}
						},
						{
							"origin": [-15.75, 77.95, -1.5],
							"size": [3.5, 8, 3.5],
							"inflate": 0.01,
							"pivot": [-11, 55.25, -2.5],
							"rotation": [0, 0, 142.5],
							"uv": {
								"north": {"uv": [40, 57], "uv_size": [-4, 8]},
								"east": {"uv": [4, 58], "uv_size": [-4, 8]},
								"south": {"uv": [52, 57], "uv_size": [-4, 8]},
								"west": {"uv": [44, 57], "uv_size": [-4, 8]},
								"up": {"uv": [8, 63], "uv_size": [-4, 4]},
								"down": {"uv": [12, 67], "uv_size": [-4, -4]}
							}
						},
						{
							"origin": [-18.65, 77.95, 0.25],
							"size": [12.5, 11, 0],
							"inflate": 0.01,
							"pivot": [-11, 55.25, -2.5],
							"rotation": [0, 0, 142.5],
							"uv": {
								"north": {"uv": [33, 0], "uv_size": [-13, 11]},
								"east": {"uv": [0, 0], "uv_size": [0, 11]},
								"south": {"uv": [33, 11], "uv_size": [-13, 11]},
								"west": {"uv": [0, 0], "uv_size": [0, 11]},
								"up": {"uv": [13, 0], "uv_size": [-13, 0]},
								"down": {"uv": [13, 0], "uv_size": [-13, 0]}
							}
						}
					]
				},
				{
					"name": "bipedBody",
					"pivot": [0, 24, 0]
				},
				{
					"name": "armorBody",
					"parent": "bipedBody",
					"pivot": [0, 24, 0],
					"cubes": [
						{
							"origin": [-4, 12, -2],
							"size": [8, 12, 4],
							"inflate": 0.55,
							"uv": {
								"north": {"uv": [0, 26], "uv_size": [8, 12]},
								"east": {"uv": [12, 41], "uv_size": [4, 12]},
								"south": {"uv": [28, 22], "uv_size": [8, 12]},
								"west": {"uv": [16, 41], "uv_size": [4, 12]},
								"up": {"uv": [56, 0], "uv_size": [8, 4]},
								"down": {"uv": [56, 8], "uv_size": [8, -4]}
							}
						},
						{
							"origin": [-4, 6.35, -2],
							"size": [8, 17, 4],
							"inflate": 0.65,
							"uv": {
								"north": {"uv": [20, 22], "uv_size": [8, 17]},
								"east": {"uv": [8, 26], "uv_size": [4, 17]},
								"south": {"uv": [12, 24], "uv_size": [8, 17]},
								"west": {"uv": [36, 12], "uv_size": [4, 17]},
								"up": {"uv": [56, 8], "uv_size": [8, 4]}
							}
						},
						{
							"origin": [-5, 21.6, -2.3],
							"size": [10, 2, 4.6],
							"inflate": 1.2,
							"uv": {
								"north": {"uv": [50, 16], "uv_size": [10, 4]},
								"east": {"uv": [60, 44], "uv_size": [5, 4]},
								"south": {"uv": [52, 20], "uv_size": [10, 4]},
								"west": {"uv": [60, 48], "uv_size": [5, 4]},
								"up": {"uv": [40, 12], "uv_size": [10, 5]},
								"down": {"uv": [40, 22], "uv_size": [10, -5]}
							}
						}
					]
				},
				{
					"name": "smallCloth",
					"parent": "armorBody",
					"pivot": [0, 12, -4],
					"cubes": [
						{
							"origin": [-3, 10, -3],
							"size": [6, 4, 0],
							"pivot": [0, 12, -4],
							"rotation": [-12.5, 0, 0],
							"uv": {
								"north": {"uv": [60, 16], "uv_size": [6, 4]},
								"east": {"uv": [0, 0], "uv_size": [0, 4]},
								"south": {"uv": [60, 40], "uv_size": [6, 4]},
								"west": {"uv": [0, 0], "uv_size": [0, 4]},
								"up": {"uv": [0, 0], "uv_size": [6, 0]},
								"down": {"uv": [0, 0], "uv_size": [6, 0]}
							}
						},
						{
							"origin": [-3, 4, -3.35],
							"size": [6, 6, 0],
							"pivot": [0, 12, -4],
							"rotation": [-2.5, 0, 0],
							"uv": {
								"north": {"uv": [54, 54], "uv_size": [6, 6]},
								"east": {"uv": [0, 0], "uv_size": [0, 6]},
								"south": {"uv": [6, 55], "uv_size": [6, 6]},
								"west": {"uv": [0, 0], "uv_size": [0, 6]},
								"up": {"uv": [0, 0], "uv_size": [6, 0]},
								"down": {"uv": [0, 0], "uv_size": [6, 0]}
							}
						}
					]
				},
				{
					"name": "robeBottom",
					"parent": "armorBody",
					"pivot": [4.5, 12.25, -3]
				},
				{
					"name": "robeBottomLeft",
					"parent": "robeBottom",
					"pivot": [4.75, 12.5, 0],
					"rotation": [0, 0, -7.5],
					"cubes": [
						{"origin": [5.03263, 6.74786, -2.675], "size": [0, 6, 5.45], "inflate": 0.002, "uv": [0, 6]},
						{"origin": [3.03263, 6.74786, -2.675], "size": [2, 7, 0], "inflate": 0.002, "uv": [12, 17]}
					]
				},
				{
					"name": "robeBottomRight",
					"parent": "robeBottom",
					"pivot": [-4.75, 12.5, 0],
					"rotation": [0, 0, 7.5],
					"cubes": [
						{"origin": [-5.03263, 6.74786, -2.675], "size": [0, 6, 5.45], "inflate": 0.002, "uv": [10, 6]},
						{"origin": [-5.03263, 6.74786, -2.675], "size": [2, 7, 0], "inflate": 0.002, "uv": [16, 17]}
					]
				},
				{
					"name": "robeBottomBack",
					"parent": "robeBottom",
					"pivot": [0, 12.7, 2.8],
					"rotation": [30, 0, 0],
					"cubes": [
						{"origin": [-5, 6.7625, 2.69175], "size": [10, 6, 0], "inflate": 0.002, "uv": [0, 0]},
						{"origin": [4.97198, 6.7625, -0.30456], "size": [0, 6, 3], "inflate": 0.002, "pivot": [5, 9.7, 2.8], "rotation": [0, -15, 0], "uv": [0, 17]},
						{"origin": [-4.97198, 6.7625, -0.30456], "size": [0, 6, 3], "inflate": 0.002, "pivot": [-5, 9.7, 2.8], "rotation": [0, 15, 0], "uv": [6, 17]}
					]
				},
				{
					"name": "armorLeggingTorsoLayer",
					"parent": "bipedBody",
					"pivot": [0, 24, 0],
					"cubes": [
						{
							"origin": [-4, 12, -2],
							"size": [8, 12, 4],
							"inflate": 0.45,
							"uv": {
								"north": {"uv": [33, 0], "uv_size": [8, 12]},
								"east": {"uv": [8, 43], "uv_size": [4, 12]},
								"south": {"uv": [28, 34], "uv_size": [8, 12]},
								"west": {"uv": [44, 22], "uv_size": [4, 12]},
								"up": {"uv": [56, 12], "uv_size": [8, 4]},
								"down": {"uv": [56, 28], "uv_size": [8, -4]}
							}
						}
					]
				},
				{
					"name": "bipedRightArm",
					"pivot": [-5, 22, 0]
				},
				{
					"name": "armorRightArm",
					"parent": "bipedRightArm",
					"pivot": [-5, 22, 0],
					"cubes": [
						{
							"origin": [-9.1, 14.5, -2.3],
							"size": [4, 9.75, 4.6],
							"inflate": 0.5,
							"uv": {
								"north": {"uv": [20, 52], "uv_size": [4, 10]},
								"east": {"uv": [41, 0], "uv_size": [5, 10]},
								"south": {"uv": [24, 52], "uv_size": [4, 10]},
								"up": {"uv": [40, 22], "uv_size": [4, 5]},
								"down": {"uv": [44, 63], "uv_size": [4, -5]}
							}
						},
						{
							"origin": [-10.3, 22, -3.45],
							"size": [6.3, 4, 6.9],
							"uv": {
								"north": {"uv": [58, 32], "uv_size": [6, 4]},
								"east": {"uv": [56, 28], "uv_size": [7, 4]},
								"south": {"uv": [58, 36], "uv_size": [6, 4]},
								"west": {"uv": [28, 58], "uv_size": [7, 4]},
								"up": {"uv": [48, 50], "uv_size": [6, 7]},
								"down": {"uv": [0, 58], "uv_size": [6, -7]}
							}
						},
						{
							"origin": [-10, 18, -3.15],
							"size": [5.9, 7, 6.3],
							"uv": {
								"north": {"uv": [48, 34], "uv_size": [6, 8]},
								"east": {"uv": [48, 42], "uv_size": [6, 8]},
								"south": {"uv": [50, 0], "uv_size": [6, 8]},
								"west": {"uv": [50, 8], "uv_size": [6, 8]},
								"up": {"uv": [54, 42], "uv_size": [6, 6]},
								"down": {"uv": [54, 54], "uv_size": [6, -6]}
							}
						}
					]
				},
				{
					"name": "bipedLeftArm",
					"pivot": [5, 22, 0]
				},
				{
					"name": "armorLeftArm",
					"parent": "bipedLeftArm",
					"pivot": [5, 22, 0],
					"cubes": [
						{
							"origin": [4, 22, -3.45],
							"size": [6.3, 4, 6.9],
							"uv": {
								"north": {"uv": [64, 32], "uv_size": [-6, 4]},
								"east": {"uv": [35, 58], "uv_size": [-7, 4]},
								"south": {"uv": [64, 36], "uv_size": [-6, 4]},
								"west": {"uv": [63, 28], "uv_size": [-7, 4]},
								"up": {"uv": [54, 50], "uv_size": [-6, 7]},
								"down": {"uv": [6, 58], "uv_size": [-6, -7]}
							}
						},
						{
							"origin": [4.1, 18, -3.15],
							"size": [5.9, 7, 6.3],
							"uv": {
								"north": {"uv": [54, 34], "uv_size": [-6, 8]},
								"east": {"uv": [56, 8], "uv_size": [-6, 8]},
								"south": {"uv": [56, 0], "uv_size": [-6, 8]},
								"west": {"uv": [54, 42], "uv_size": [-6, 8]},
								"up": {"uv": [60, 42], "uv_size": [-6, 6]},
								"down": {"uv": [60, 54], "uv_size": [-6, -6]}
							}
						},
						{
							"origin": [5.1, 14.5, -2.3],
							"size": [4, 9.75, 4.6],
							"inflate": 0.5,
							"uv": {
								"north": {"uv": [24, 52], "uv_size": [-4, 10]},
								"south": {"uv": [28, 52], "uv_size": [-4, 10]},
								"west": {"uv": [46, 0], "uv_size": [-5, 10]},
								"up": {"uv": [44, 22], "uv_size": [-4, 5]},
								"down": {"uv": [48, 63], "uv_size": [-4, -5]}
							}
						}
					]
				},
				{
					"name": "bipedLeftLeg",
					"pivot": [2, 12, 0]
				},
				{
					"name": "armorLeftLeg",
					"parent": "bipedLeftLeg",
					"pivot": [2, 12, 0],
					"cubes": [
						{
							"origin": [0, 0, -2],
							"size": [4, 12, 4],
							"inflate": 0.3,
							"uv": {
								"north": {"uv": [48, 34], "uv_size": [-4, 12]},
								"east": {"uv": [50, 0], "uv_size": [-4, 12]},
								"south": {"uv": [44, 45], "uv_size": [-4, 12]},
								"west": {"uv": [40, 45], "uv_size": [-4, 12]},
								"up": {"uv": [64, 52], "uv_size": [-4, 4]},
								"down": {"uv": [60, 64], "uv_size": [-4, -4]}
							}
						}
					]
				},
				{
					"name": "armorLeftBoot",
					"parent": "bipedLeftLeg",
					"pivot": [2, 12, 0],
					"cubes": [
						{
							"origin": [0, 0, -2],
							"size": [4, 12, 4],
							"inflate": 0.8,
							"uv": {
								"north": {"uv": [32, 46], "uv_size": [-4, 12]},
								"east": {"uv": [52, 22], "uv_size": [-4, 12]},
								"south": {"uv": [48, 46], "uv_size": [-4, 12]},
								"west": {"uv": [36, 46], "uv_size": [-4, 12]},
								"up": {"uv": [64, 56], "uv_size": [-4, 4]},
								"down": {"uv": [64, 64], "uv_size": [-4, -4]}
							}
						}
					]
				},
				{
					"name": "bipedRightLeg",
					"pivot": [-2, 12, 0]
				},
				{
					"name": "armorRightLeg",
					"parent": "bipedRightLeg",
					"pivot": [-2, 12, 0],
					"cubes": [
						{
							"origin": [-4, 0, -2],
							"size": [4, 12, 4],
							"inflate": 0.3,
							"uv": {
								"north": {"uv": [44, 34], "uv_size": [4, 12]},
								"east": {"uv": [36, 45], "uv_size": [4, 12]},
								"south": {"uv": [40, 45], "uv_size": [4, 12]},
								"west": {"uv": [46, 0], "uv_size": [4, 12]},
								"up": {"uv": [60, 52], "uv_size": [4, 4]},
								"down": {"uv": [56, 64], "uv_size": [4, -4]}
							}
						}
					]
				},
				{
					"name": "armorRightBoot",
					"parent": "bipedRightLeg",
					"pivot": [-2, 12, 0],
					"cubes": [
						{
							"origin": [-4, 0, -2],
							"size": [4, 12, 4],
							"inflate": 0.8,
							"uv": {
								"north": {"uv": [28, 46], "uv_size": [4, 12]},
								"east": {"uv": [32, 46], "uv_size": [4, 12]},
								"south": {"uv": [44, 46], "uv_size": [4, 12]},
								"west": {"uv": [48, 22], "uv_size": [4, 12]},
								"up": {"uv": [60, 56], "uv_size": [4, 4]},
								"down": {"uv": [60, 64], "uv_size": [4, -4]}
							}
						}
					]
				}
			]
		}
	]
}