{
	"format_version": "1.12.0",
	"minecraft:geometry": [
		{
			"description": {
				"identifier": "geometry.unknown",
				"texture_width": 128,
				"texture_height": 128,
				"visible_bounds_width": 6,
				"visible_bounds_height": 5.5,
				"visible_bounds_offset": [0, 2.25, 0]
			},
			"bones": [
				{
					"name": "bipedHead",
					"pivot": [0, 24, 0]
				},
				{
					"name": "armorHead",
					"parent": "bipedHead",
					"pivot": [0, 24, 0],
					"cubes": [
						{
							"origin": [-4.25, 23.75, -4],
							"size": [8.5, 8.5, 8],
							"inflate": 0.35,
							"uv": {
								"north": {"uv": [18, 50], "uv_size": [9, 9]},
								"east": {"uv": [51, 47], "uv_size": [8, 9]},
								"south": {"uv": [27, 50], "uv_size": [9, 9]},
								"west": {"uv": [52, 0], "uv_size": [8, 9]},
								"up": {"uv": [52, 9], "uv_size": [9, 8]},
								"down": {"uv": [36, 62], "uv_size": [9, -8]}
							}
						},
						{
							"origin": [-4.45, 23.5, -4.2],
							"size": [8.9, 9, 0],
							"uv": {
								"north": {"uv": [0, 51], "uv_size": [9, 9]},
								"east": {"uv": [0, 0], "uv_size": [0, 9]},
								"south": {"uv": [51, 18], "uv_size": [9, 9]},
								"west": {"uv": [0, 0], "uv_size": [0, 9]},
								"up": {"uv": [0, 0], "uv_size": [9, 0]},
								"down": {"uv": [0, 0], "uv_size": [9, 0]}
							}
						},
						{
							"origin": [-5.25, 25.75, -4.6],
							"size": [10.5, 4.5, 9.2],
							"uv": {
								"north": {"uv": [59, 33], "uv_size": [11, 5]},
								"east": {"uv": [67, 0], "uv_size": [9, 5]},
								"south": {"uv": [59, 38], "uv_size": [11, 5]},
								"west": {"uv": [67, 5], "uv_size": [9, 5]},
								"up": {"uv": [41, 0], "uv_size": [11, 9]},
								"down": {"uv": [41, 18], "uv_size": [11, -9]}
							}
						}
					]
				},
				{
					"name": "headHoodHair",
					"parent": "armorHead",
					"pivot": [0, 32.28649, -2.80971],
					"cubes": [
						{
							"origin": [-4.25, 33, -4.75],
							"size": [8.5, 0, 4],
							"pivot": [0, 34.25, -3.25],
							"rotation": [22.5, 0, 0],
							"uv": {
								"north": {"uv": [0, 0], "uv_size": [9, 0]},
								"east": {"uv": [0, 0], "uv_size": [4, 0]},
								"south": {"uv": [0, 0], "uv_size": [9, 0]},
								"west": {"uv": [0, 0], "uv_size": [4, 0]},
								"up": {"uv": [67, 63], "uv_size": [9, 4]},
								"down": {"uv": [69, 28], "uv_size": [9, -4]}
							}
						},
						{
							"origin": [-4.25, 33, -1.75],
							"size": [8.5, 0, 4],
							"pivot": [0, 34.25, -0.25],
							"rotation": [22.5, 0, 0],
							"uv": {
								"north": {"uv": [0, 0], "uv_size": [9, 0]},
								"east": {"uv": [0, 0], "uv_size": [4, 0]},
								"south": {"uv": [0, 0], "uv_size": [9, 0]},
								"west": {"uv": [0, 0], "uv_size": [4, 0]},
								"up": {"uv": [67, 63], "uv_size": [9, 4]},
								"down": {"uv": [69, 28], "uv_size": [9, -4]}
							}
						}
					]
				},
				{
					"name": "leftHood",
					"parent": "armorHead",
					"pivot": [5, 31, 5],
					"rotation": [12.5, 0, 0],
					"cubes": [
						{
							"origin": [2.5, 29.25, 2.25],
							"size": [4.5, 4.5, 6.25],
							"pivot": [5, 31, 5],
							"rotation": [-3.48303, 24.77164, -8.26511],
							"uv": {
								"north": {"uv": [60, 71], "uv_size": [5, 5]},
								"east": {"uv": [71, 43], "uv_size": [6, 5]},
								"south": {"uv": [65, 71], "uv_size": [5, 5]},
								"west": {"uv": [71, 48], "uv_size": [6, 5]},
								"up": {"uv": [4, 70], "uv_size": [5, 6]},
								"down": {"uv": [71, 59], "uv_size": [5, -6]}
							}
						}
					]
				},
				{
					"name": "leftHoodOuter",
					"parent": "leftHood",
					"pivot": [5, 31, 5],
					"cubes": [
						{
							"origin": [4.75, 28.25, 8.5],
							"size": [0, 6.5, 9.25],
							"pivot": [5, 31, 5],
							"rotation": [-3.48303, 24.77164, -8.26511],
							"uv": {
								"north": {"uv": [0, 0], "uv_size": [0, 7]},
								"east": {"uv": [45, 56], "uv_size": [9, 7]},
								"south": {"uv": [0, 0], "uv_size": [0, 7]},
								"west": {"uv": [54, 56], "uv_size": [9, 7]},
								"up": {"uv": [0, 0], "uv_size": [0, 9]},
								"down": {"uv": [0, 9], "uv_size": [0, -9]}
							}
						}
					]
				},
				{
					"name": "rightHood",
					"parent": "armorHead",
					"pivot": [-5, 31, 5],
					"rotation": [12.5, 0, 0],
					"cubes": [
						{
							"origin": [-7, 29.25, 2.25],
							"size": [4.5, 4.5, 6.25],
							"pivot": [-5, 31, 5],
							"rotation": [-3.48303, -24.77164, 8.26511],
							"uv": {
								"north": {"uv": [65, 71], "uv_size": [-5, 5]},
								"east": {"uv": [77, 48], "uv_size": [-6, 5]},
								"south": {"uv": [70, 71], "uv_size": [-5, 5]},
								"west": {"uv": [77, 43], "uv_size": [-6, 5]},
								"up": {"uv": [9, 70], "uv_size": [-5, 6]},
								"down": {"uv": [76, 59], "uv_size": [-5, -6]}
							}
						}
					]
				},
				{
					"name": "rightHoodOuter",
					"parent": "rightHood",
					"pivot": [-5, 31, 5],
					"cubes": [
						{
							"origin": [-4.75, 28.25, 8.5],
							"size": [0, 6.5, 9.25],
							"pivot": [-5, 31, 5],
							"rotation": [-3.48303, -24.77164, 8.26511],
							"uv": {
								"north": {"uv": [0, 0], "uv_size": [0, 7]},
								"east": {"uv": [63, 56], "uv_size": [-9, 7]},
								"south": {"uv": [0, 0], "uv_size": [0, 7]},
								"west": {"uv": [54, 56], "uv_size": [-9, 7]},
								"up": {"uv": [0, 0], "uv_size": [0, 9]},
								"down": {"uv": [0, 9], "uv_size": [0, -9]}
							}
						}
					]
				},
				{
					"name": "bipedBody",
					"pivot": [0, 24, 0]
				},
				{
					"name": "armorBody",
					"parent": "bipedBody",
					"pivot": [0, 24, 0],
					"cubes": [
						{
							"origin": [-4, 12, -2],
							"size": [8, 12, 4],
							"inflate": 0.55,
							"uv": {
								"north": {"uv": [43, 42], "uv_size": [8, 12]},
								"east": {"uv": [15, 65], "uv_size": [4, 12]},
								"south": {"uv": [10, 50], "uv_size": [8, 12]},
								"west": {"uv": [19, 65], "uv_size": [4, 12]},
								"up": {"uv": [70, 36], "uv_size": [8, 4]},
								"down": {"uv": [70, 71], "uv_size": [8, -4]}
							}
						},
						{
							"origin": [-4, 13.35, -2],
							"size": [8, 10, 4],
							"inflate": 0.65,
							"uv": {
								"north": {"uv": [51, 27], "uv_size": [8, 10]},
								"east": {"uv": [67, 43], "uv_size": [4, 10]},
								"south": {"uv": [51, 37], "uv_size": [8, 10]},
								"west": {"uv": [67, 53], "uv_size": [4, 10]},
								"up": {"uv": [71, 10], "uv_size": [8, 4]}
							}
						},
						{
							"origin": [-5, 20.6, -2],
							"size": [10, 3, 4],
							"inflate": 1.2,
							"uv": {
								"north": {"uv": [70, 40], "uv_size": [10, 3]},
								"east": {"uv": [76, 57], "uv_size": [4, 3]},
								"south": {"uv": [71, 14], "uv_size": [10, 3]},
								"west": {"uv": [58, 76], "uv_size": [4, 3]},
								"up": {"uv": [67, 20], "uv_size": [10, 4]},
								"down": {"uv": [60, 71], "uv_size": [10, -4]}
							}
						},
						{
							"origin": [-1.5, 18, -3.5],
							"size": [3, 3, 2],
							"uv": {
								"north": {"uv": [15, 62], "uv_size": [3, 3]},
								"east": {"uv": [10, 26], "uv_size": [2, 3]},
								"south": {"uv": [60, 63], "uv_size": [3, 3]},
								"west": {"uv": [10, 29], "uv_size": [2, 3]},
								"up": {"uv": [45, 54], "uv_size": [3, 2]},
								"down": {"uv": [48, 56], "uv_size": [3, -2]}
							}
						}
					]
				},
				{
					"name": "robeBottom",
					"parent": "armorBody",
					"pivot": [4.5, 12.25, -3]
				},
				{
					"name": "robeBottomLeft",
					"parent": "robeBottom",
					"pivot": [4.75, 12.5, 0],
					"rotation": [0, 0, -7.5],
					"cubes": [
						{"origin": [5.03263, 6.74786, -2.675], "size": [0, 6, 5.45], "inflate": 0.002, "uv": [0, 6]},
						{"origin": [3.03263, 6.74786, -2.675], "size": [2, 7, 0], "inflate": 0.002, "uv": [12, 17]}
					]
				},
				{
					"name": "robeBottomRight",
					"parent": "robeBottom",
					"pivot": [-4.75, 12.5, 0],
					"rotation": [0, 0, 7.5],
					"cubes": [
						{"origin": [-5.03263, 6.74786, -2.675], "size": [0, 6, 5.45], "inflate": 0.002, "uv": [10, 6]},
						{"origin": [-5.03263, 6.74786, -2.675], "size": [2, 7, 0], "inflate": 0.002, "uv": [16, 17]}
					]
				},
				{
					"name": "robeBottomBack",
					"parent": "robeBottom",
					"pivot": [0, 12.7, 2.8],
					"rotation": [30, 0, 0],
					"cubes": [
						{"origin": [-5, 6.7625, 2.69175], "size": [10, 6, 0], "inflate": 0.002, "uv": [0, 0]},
						{"origin": [4.97198, 6.7625, -0.30456], "size": [0, 6, 3], "inflate": 0.002, "pivot": [5, 9.7, 2.8], "rotation": [0, -15, 0], "uv": [0, 17]},
						{"origin": [-4.97198, 6.7625, -0.30456], "size": [0, 6, 3], "inflate": 0.002, "pivot": [-5, 9.7, 2.8], "rotation": [0, 15, 0], "uv": [6, 17]}
					]
				},
				{
					"name": "wings",
					"parent": "armorBody",
					"pivot": [0, 24, 0]
				},
				{
					"name": "left_wing",
					"parent": "wings",
					"pivot": [0, 23, 3.25],
					"rotation": [0, -7.5, 0],
					"cubes": [
						{
							"origin": [-0.5, 22.25, 3],
							"size": [2, 25, 2],
							"pivot": [0.5, 22.25, 4],
							"rotation": [-12.5, 0, 57.5],
							"uv": {
								"north": {"uv": [61, 0], "uv_size": [2, 25]},
								"east": {"uv": [9, 62], "uv_size": [2, 25]},
								"south": {"uv": [11, 62], "uv_size": [2, 25]},
								"west": {"uv": [13, 62], "uv_size": [2, 25]},
								"up": {"uv": [10, 36], "uv_size": [2, 2]},
								"down": {"uv": [10, 40], "uv_size": [2, -2]}
							}
						}
					]
				},
				{
					"name": "left_wing_start",
					"parent": "left_wing",
					"pivot": [21.10373, 34.16566, 9.5],
					"rotation": [0, 0, -32.5],
					"cubes": [
						{
							"origin": [-13.65, 19.1, 5.55],
							"size": [10, 25, 0],
							"inflate": 0.001,
							"pivot": [0.5, 22.25, 4],
							"rotation": [-13.01872, -0.69525, 90.75507],
							"uv": {
								"north": {"uv": [24, 25], "uv_size": [10, 25]},
								"east": {"uv": [0, 0], "uv_size": [0, 25]},
								"south": {"uv": [0, 26], "uv_size": [10, 25]},
								"west": {"uv": [0, 0], "uv_size": [0, 25]},
								"up": {"uv": [0, 0], "uv_size": [10, 0]},
								"down": {"uv": [0, 0], "uv_size": [10, 0]}
							}
						},
						{
							"origin": [-11.65, 42.1, 3.65],
							"size": [8, 2, 2],
							"pivot": [0.5, 22.25, 4],
							"rotation": [-13.01872, -0.69525, 90.75507],
							"uv": {
								"north": {"uv": [76, 8], "uv_size": [8, 2]},
								"east": {"uv": [10, 40], "uv_size": [2, 2]},
								"south": {"uv": [31, 76], "uv_size": [8, 2]},
								"west": {"uv": [41, 18], "uv_size": [2, 2]},
								"up": {"uv": [76, 53], "uv_size": [8, 2]},
								"down": {"uv": [76, 57], "uv_size": [8, -2]}
							}
						}
					]
				},
				{
					"name": "left_wing_mid",
					"parent": "left_wing_start",
					"pivot": [21.01415, 26.07608, 9.5],
					"cubes": [
						{
							"origin": [-3.6497, 42.13076, 3.65612],
							"size": [9, 2, 2],
							"pivot": [0.5, 22.25, 4],
							"rotation": [-13.01872, -0.69525, 90.75507],
							"uv": {
								"north": {"uv": [74, 73], "uv_size": [9, 2]},
								"east": {"uv": [10, 42], "uv_size": [2, 2]},
								"south": {"uv": [40, 75], "uv_size": [9, 2]},
								"west": {"uv": [10, 44], "uv_size": [2, 2]},
								"up": {"uv": [49, 75], "uv_size": [9, 2]},
								"down": {"uv": [74, 77], "uv_size": [9, -2]}
							}
						},
						{
							"origin": [-3.6497, 19.13076, 5.55612],
							"size": [9, 25, 0],
							"inflate": 0.001,
							"pivot": [0.5, 22.25, 4],
							"rotation": [-13.01872, -0.69525, 90.75507],
							"uv": {
								"north": {"uv": [32, 0], "uv_size": [9, 25]},
								"east": {"uv": [0, 0], "uv_size": [0, 25]},
								"south": {"uv": [34, 25], "uv_size": [9, 25]},
								"west": {"uv": [0, 0], "uv_size": [0, 25]},
								"up": {"uv": [0, 0], "uv_size": [9, 0]},
								"down": {"uv": [0, 0], "uv_size": [9, 0]}
							}
						}
					]
				},
				{
					"name": "left_wing_end",
					"parent": "left_wing_mid",
					"pivot": [20.7151, 17.03021, 9.5],
					"rotation": [0, 0, 2.5],
					"cubes": [
						{
							"origin": [-0.48708, 43.07502, 3.7072],
							"size": [9, 2, 2],
							"pivot": [0.325, 22.5, 4],
							"rotation": [-12.42226, 3.86191, 105.07763],
							"uv": {
								"north": {"uv": [60, 25], "uv_size": [9, 2]},
								"east": {"uv": [41, 20], "uv_size": [2, 2]},
								"south": {"uv": [71, 17], "uv_size": [9, 2]},
								"west": {"uv": [41, 22], "uv_size": [2, 2]},
								"up": {"uv": [31, 74], "uv_size": [9, 2]},
								"down": {"uv": [74, 73], "uv_size": [9, -2]}
							}
						},
						{
							"origin": [6.24456, 19.31003, 5.6072],
							"size": [12, 25, 0],
							"inflate": 0.001,
							"pivot": [0.325, 22.5, 4],
							"rotation": [-12.9997, -0.01745, 88.00008],
							"uv": {
								"north": {"uv": [20, 0], "uv_size": [12, 25]},
								"east": {"uv": [0, 0], "uv_size": [0, 25]},
								"south": {"uv": [12, 25], "uv_size": [12, 25]},
								"west": {"uv": [0, 0], "uv_size": [0, 25]},
								"up": {"uv": [0, 0], "uv_size": [12, 0]},
								"down": {"uv": [0, 0], "uv_size": [12, 0]}
							}
						},
						{
							"origin": [-2.17653, 41.48668, 4.7072],
							"size": [10, 6, 0],
							"inflate": 0.001,
							"pivot": [0.325, 22.5, 4],
							"rotation": [-9.67148, 8.72816, 129.75826],
							"uv": {
								"north": {"uv": [18, 59], "uv_size": [10, 6]},
								"east": {"uv": [0, 0], "uv_size": [0, 6]},
								"south": {"uv": [59, 27], "uv_size": [10, 6]},
								"west": {"uv": [0, 0], "uv_size": [0, 6]},
								"up": {"uv": [0, 0], "uv_size": [10, 0]},
								"down": {"uv": [0, 0], "uv_size": [10, 0]}
							}
						}
					]
				},
				{
					"name": "right_wing",
					"parent": "wings",
					"pivot": [0, 23, 3.25],
					"rotation": [0, 7.5, 0],
					"cubes": [
						{
							"origin": [-1.5, 22.25, 3],
							"size": [2, 25, 2],
							"pivot": [-0.5, 22.25, 4],
							"rotation": [-12.5, 0, -57.5],
							"uv": {
								"north": {"uv": [63, 0], "uv_size": [-2, 25]},
								"east": {"uv": [15, 62], "uv_size": [-2, 25]},
								"south": {"uv": [13, 62], "uv_size": [-2, 25]},
								"west": {"uv": [11, 62], "uv_size": [-2, 25]},
								"up": {"uv": [12, 36], "uv_size": [-2, 2]},
								"down": {"uv": [12, 40], "uv_size": [-2, -2]}
							}
						}
					]
				},
				{
					"name": "right_wing_start",
					"parent": "right_wing",
					"pivot": [-21.10373, 34.16566, 9.5],
					"rotation": [0, 0, 32.5],
					"cubes": [
						{
							"origin": [3.65, 19.1, 5.55],
							"size": [10, 25, 0],
							"inflate": 0.001,
							"pivot": [-0.5, 22.25, 4],
							"rotation": [-13.01872, 0.69525, -90.75507],
							"uv": {
								"north": {"uv": [34, 25], "uv_size": [-10, 25]},
								"east": {"uv": [0, 0], "uv_size": [0, 25]},
								"south": {"uv": [10, 26], "uv_size": [-10, 25]},
								"west": {"uv": [0, 0], "uv_size": [0, 25]},
								"up": {"uv": [10, 0], "uv_size": [-10, 0]},
								"down": {"uv": [10, 0], "uv_size": [-10, 0]}
							}
						},
						{
							"origin": [3.65, 42.1, 3.65],
							"size": [8, 2, 2],
							"pivot": [-0.5, 22.25, 4],
							"rotation": [-13.01872, 0.69525, -90.75507],
							"uv": {
								"north": {"uv": [84, 8], "uv_size": [-8, 2]},
								"east": {"uv": [43, 18], "uv_size": [-2, 2]},
								"south": {"uv": [39, 76], "uv_size": [-8, 2]},
								"west": {"uv": [12, 40], "uv_size": [-2, 2]},
								"up": {"uv": [84, 53], "uv_size": [-8, 2]},
								"down": {"uv": [84, 57], "uv_size": [-8, -2]}
							}
						}
					]
				},
				{
					"name": "right_wing_mid",
					"parent": "right_wing_start",
					"pivot": [-21.01415, 26.07608, 9.5],
					"cubes": [
						{
							"origin": [-5.3503, 42.13076, 3.65612],
							"size": [9, 2, 2],
							"pivot": [-0.5, 22.25, 4],
							"rotation": [-13.01872, 0.69525, -90.75507],
							"uv": {
								"north": {"uv": [83, 73], "uv_size": [-9, 2]},
								"east": {"uv": [12, 44], "uv_size": [-2, 2]},
								"south": {"uv": [49, 75], "uv_size": [-9, 2]},
								"west": {"uv": [12, 42], "uv_size": [-2, 2]},
								"up": {"uv": [58, 75], "uv_size": [-9, 2]},
								"down": {"uv": [83, 77], "uv_size": [-9, -2]}
							}
						},
						{
							"origin": [-5.3503, 19.13076, 5.55612],
							"size": [9, 25, 0],
							"inflate": 0.001,
							"pivot": [-0.5, 22.25, 4],
							"rotation": [-13.01872, 0.69525, -90.75507],
							"uv": {
								"north": {"uv": [41, 0], "uv_size": [-9, 25]},
								"east": {"uv": [0, 0], "uv_size": [0, 25]},
								"south": {"uv": [43, 25], "uv_size": [-9, 25]},
								"west": {"uv": [0, 0], "uv_size": [0, 25]},
								"up": {"uv": [9, 0], "uv_size": [-9, 0]},
								"down": {"uv": [9, 0], "uv_size": [-9, 0]}
							}
						}
					]
				},
				{
					"name": "right_wing_end",
					"parent": "right_wing_mid",
					"pivot": [-20.7151, 17.03021, 9.5],
					"rotation": [0, 0, -2.5],
					"cubes": [
						{
							"origin": [-8.51292, 43.07502, 3.7072],
							"size": [9, 2, 2],
							"pivot": [-0.325, 22.5, 4],
							"rotation": [-12.42226, -3.86191, -105.07763],
							"uv": {
								"north": {"uv": [69, 25], "uv_size": [-9, 2]},
								"east": {"uv": [43, 22], "uv_size": [-2, 2]},
								"south": {"uv": [80, 17], "uv_size": [-9, 2]},
								"west": {"uv": [43, 20], "uv_size": [-2, 2]},
								"up": {"uv": [40, 74], "uv_size": [-9, 2]},
								"down": {"uv": [83, 73], "uv_size": [-9, -2]}
							}
						},
						{
							"origin": [-18.24456, 19.31003, 5.6072],
							"size": [12, 25, 0],
							"inflate": 0.001,
							"pivot": [-0.325, 22.5, 4],
							"rotation": [-12.9997, 0.01745, -88.00008],
							"uv": {
								"north": {"uv": [32, 0], "uv_size": [-12, 25]},
								"east": {"uv": [0, 0], "uv_size": [0, 25]},
								"south": {"uv": [24, 25], "uv_size": [-12, 25]},
								"west": {"uv": [0, 0], "uv_size": [0, 25]},
								"up": {"uv": [12, 0], "uv_size": [-12, 0]},
								"down": {"uv": [12, 0], "uv_size": [-12, 0]}
							}
						},
						{
							"origin": [-7.82347, 41.48668, 4.7072],
							"size": [10, 6, 0],
							"inflate": 0.001,
							"pivot": [-0.325, 22.5, 4],
							"rotation": [-9.67148, -8.72816, -129.75826],
							"uv": {
								"north": {"uv": [28, 59], "uv_size": [-10, 6]},
								"east": {"uv": [0, 0], "uv_size": [0, 6]},
								"south": {"uv": [69, 27], "uv_size": [-10, 6]},
								"west": {"uv": [0, 0], "uv_size": [0, 6]},
								"up": {"uv": [10, 0], "uv_size": [-10, 0]},
								"down": {"uv": [10, 0], "uv_size": [-10, 0]}
							}
						}
					]
				},
				{
					"name": "armorLeggingTorsoLayer",
					"parent": "bipedBody",
					"pivot": [0, 24, 0],
					"cubes": [
						{
							"origin": [-4, 12, -2],
							"size": [8, 12, 4],
							"inflate": 0.45,
							"uv": {
								"north": {"uv": [43, 18], "uv_size": [8, 12]},
								"east": {"uv": [36, 62], "uv_size": [4, 12]},
								"south": {"uv": [43, 30], "uv_size": [8, 12]},
								"west": {"uv": [40, 62], "uv_size": [4, 12]},
								"up": {"uv": [69, 28], "uv_size": [8, 4]},
								"down": {"uv": [70, 36], "uv_size": [8, -4]}
							}
						}
					]
				},
				{
					"name": "bipedRightArm",
					"pivot": [5, 22, 0]
				},
				{
					"name": "armorRightArm",
					"parent": "bipedRightArm",
					"pivot": [-5, 22, 0],
					"cubes": [
						{
							"origin": [-8.9, 14.5, -2.3],
							"size": [4, 10, 4.6],
							"inflate": 0.5,
							"uv": {
								"north": {"uv": [27, 65], "uv_size": [-4, 10]},
								"east": {"uv": [9, 60], "uv_size": [-5, 10]},
								"south": {"uv": [71, 10], "uv_size": [-4, 10]},
								"up": {"uv": [74, 71], "uv_size": [-4, 5]},
								"down": {"uv": [31, 77], "uv_size": [-4, -5]}
							}
						}
					]
				},
				{
					"name": "bipedLeftArm",
					"pivot": [5, 22, 0]
				},
				{
					"name": "armorLeftArm",
					"parent": "bipedLeftArm",
					"pivot": [5, 22, 0],
					"cubes": [
						{
							"origin": [4.9, 14.5, -2.3],
							"size": [4, 10, 4.6],
							"inflate": 0.5,
							"uv": {
								"north": {"uv": [23, 65], "uv_size": [4, 10]},
								"south": {"uv": [67, 10], "uv_size": [4, 10]},
								"west": {"uv": [4, 60], "uv_size": [5, 10]},
								"up": {"uv": [70, 71], "uv_size": [4, 5]},
								"down": {"uv": [27, 77], "uv_size": [4, -5]}
							}
						}
					]
				},
				{
					"name": "bipedLeftLeg",
					"pivot": [2, 12, 0]
				},
				{
					"name": "armorLeftLeg",
					"parent": "bipedLeftLeg",
					"pivot": [2, 12, 0],
					"cubes": [
						{
							"origin": [0, 0, -2],
							"size": [4, 12, 4],
							"inflate": 0.3,
							"uv": {
								"north": {"uv": [63, 0], "uv_size": [4, 12]},
								"east": {"uv": [63, 12], "uv_size": [4, 12]},
								"south": {"uv": [63, 43], "uv_size": [4, 12]},
								"west": {"uv": [44, 63], "uv_size": [4, 12]},
								"up": {"uv": [23, 75], "uv_size": [4, 4]},
								"down": {"uv": [76, 4], "uv_size": [4, -4]}
							}
						}
					]
				},
				{
					"name": "armorLeftBoot",
					"parent": "bipedLeftLeg",
					"pivot": [2, 12, 0],
					"cubes": [
						{
							"origin": [0, 0, -2],
							"size": [4, 12, 4],
							"inflate": 0.8,
							"uv": {
								"north": {"uv": [48, 63], "uv_size": [4, 12]},
								"east": {"uv": [52, 63], "uv_size": [4, 12]},
								"south": {"uv": [63, 55], "uv_size": [4, 12]},
								"west": {"uv": [56, 63], "uv_size": [4, 12]},
								"up": {"uv": [4, 76], "uv_size": [4, 4]},
								"down": {"uv": [76, 8], "uv_size": [4, -4]}
							}
						}
					]
				},
				{
					"name": "leftBootSideHair",
					"parent": "armorLeftBoot",
					"pivot": [4.5, 1.75, 0],
					"cubes": [
						{
							"origin": [4, 4.75, -2.25],
							"size": [0, 4, 4.5],
							"pivot": [2, 3.75, -2],
							"rotation": [0, 0, 47.5],
							"uv": {
								"north": {"uv": [0, 0], "uv_size": [0, 4]},
								"east": {"uv": [71, 59], "uv_size": [5, 4]},
								"south": {"uv": [0, 0], "uv_size": [0, 4]},
								"west": {"uv": [36, 50], "uv_size": [5, 4]},
								"up": {"uv": [0, 0], "uv_size": [5, 0]},
								"down": {"uv": [0, 0], "uv_size": [5, 0]}
							}
						},
						{
							"origin": [4, 2.75, -2.25],
							"size": [0, 4, 4.5],
							"pivot": [2, 1.75, -2],
							"rotation": [0, 0, 47.5],
							"uv": {
								"north": {"uv": [0, 0], "uv_size": [0, 4]},
								"east": {"uv": [71, 59], "uv_size": [5, 4]},
								"south": {"uv": [0, 0], "uv_size": [0, 4]},
								"west": {"uv": [36, 50], "uv_size": [5, 4]},
								"up": {"uv": [0, 0], "uv_size": [5, 0]},
								"down": {"uv": [0, 0], "uv_size": [5, 0]}
							}
						},
						{
							"origin": [4, 0.75, -2.25],
							"size": [0, 4, 4.5],
							"pivot": [2, -0.25, -2],
							"rotation": [0, 0, 47.5],
							"uv": {
								"north": {"uv": [0, 0], "uv_size": [0, 4]},
								"east": {"uv": [71, 59], "uv_size": [5, 4]},
								"south": {"uv": [0, 0], "uv_size": [0, 4]},
								"west": {"uv": [36, 50], "uv_size": [5, 4]},
								"up": {"uv": [0, 0], "uv_size": [5, 0]},
								"down": {"uv": [0, 0], "uv_size": [5, 0]}
							}
						}
					]
				},
				{
					"name": "leftBootBackHair",
					"parent": "armorLeftBoot",
					"pivot": [2, 1.75, 2.75],
					"cubes": [
						{
							"origin": [-0.25, 0.75, 2],
							"size": [4.5, 4, 0],
							"pivot": [0, -0.25, 0],
							"rotation": [-47.5, 0, 0],
							"uv": {
								"north": {"uv": [76, 59], "uv_size": [-5, 4]},
								"east": {"uv": [0, 0], "uv_size": [0, 4]},
								"south": {"uv": [41, 50], "uv_size": [-5, 4]},
								"west": {"uv": [0, 0], "uv_size": [0, 4]},
								"up": {"uv": [0, 0], "uv_size": [5, 0]},
								"down": {"uv": [0, 0], "uv_size": [5, 0]}
							}
						},
						{
							"origin": [-0.25, 2.75, 2],
							"size": [4.5, 4, 0],
							"pivot": [0, 1.75, 0],
							"rotation": [-47.5, 0, 0],
							"uv": {
								"north": {"uv": [76, 59], "uv_size": [-5, 4]},
								"east": {"uv": [0, 0], "uv_size": [0, 4]},
								"south": {"uv": [41, 50], "uv_size": [-5, 4]},
								"west": {"uv": [0, 0], "uv_size": [0, 4]},
								"up": {"uv": [0, 0], "uv_size": [5, 0]},
								"down": {"uv": [0, 0], "uv_size": [5, 0]}
							}
						},
						{
							"origin": [-0.25, 4.75, 2],
							"size": [4.5, 4, 0],
							"pivot": [0, 3.75, 0],
							"rotation": [-47.5, 0, 0],
							"uv": {
								"north": {"uv": [76, 59], "uv_size": [-5, 4]},
								"east": {"uv": [0, 0], "uv_size": [0, 4]},
								"south": {"uv": [41, 50], "uv_size": [-5, 4]},
								"west": {"uv": [0, 0], "uv_size": [0, 4]},
								"up": {"uv": [0, 0], "uv_size": [5, 0]},
								"down": {"uv": [0, 0], "uv_size": [5, 0]}
							}
						}
					]
				},
				{
					"name": "bootNailsLeft",
					"parent": "armorLeftBoot",
					"pivot": [0.5, -0.75, -4.25],
					"rotation": [20, 0, 0],
					"cubes": [
						{
							"origin": [1.4, -0.95477, -4.00652],
							"size": [1.2, 1.1, 2],
							"uv": {
								"north": {"uv": [52, 17], "uv_size": [1, 1]},
								"east": {"uv": [12, 24], "uv_size": [2, 1]},
								"south": {"uv": [53, 17], "uv_size": [1, 1]},
								"west": {"uv": [14, 24], "uv_size": [2, 1]},
								"up": {"uv": [42, 52], "uv_size": [1, 2]},
								"down": {"uv": [9, 55], "uv_size": [1, -2]}
							}
						},
						{
							"origin": [1.5, -1.95477, -5.50652],
							"size": [1, 2, 1.5],
							"uv": {
								"north": {"uv": [9, 55], "uv_size": [1, 2]},
								"east": {"uv": [10, 46], "uv_size": [2, 2]},
								"south": {"uv": [9, 57], "uv_size": [1, 2]},
								"west": {"uv": [10, 48], "uv_size": [2, 2]},
								"up": {"uv": [9, 59], "uv_size": [1, 2]},
								"down": {"uv": [60, 2], "uv_size": [1, -2]}
							}
						},
						{
							"origin": [-0.6, -0.95477, -4.00652],
							"size": [1.2, 1.1, 2],
							"uv": {
								"north": {"uv": [52, 17], "uv_size": [1, 1]},
								"east": {"uv": [12, 24], "uv_size": [2, 1]},
								"south": {"uv": [53, 17], "uv_size": [1, 1]},
								"west": {"uv": [14, 24], "uv_size": [2, 1]},
								"up": {"uv": [42, 52], "uv_size": [1, 2]},
								"down": {"uv": [9, 55], "uv_size": [1, -2]}
							}
						},
						{
							"origin": [-0.5, -1.95477, -5.50652],
							"size": [1, 2, 1.5],
							"uv": {
								"north": {"uv": [9, 55], "uv_size": [1, 2]},
								"east": {"uv": [10, 46], "uv_size": [2, 2]},
								"south": {"uv": [9, 57], "uv_size": [1, 2]},
								"west": {"uv": [10, 48], "uv_size": [2, 2]},
								"up": {"uv": [9, 59], "uv_size": [1, 2]},
								"down": {"uv": [60, 2], "uv_size": [1, -2]}
							}
						},
						{
							"origin": [3.5, -1.95477, -5.50652],
							"size": [1, 2, 1.5],
							"uv": {
								"north": {"uv": [9, 55], "uv_size": [1, 2]},
								"east": {"uv": [10, 46], "uv_size": [2, 2]},
								"south": {"uv": [9, 57], "uv_size": [1, 2]},
								"west": {"uv": [10, 48], "uv_size": [2, 2]},
								"up": {"uv": [9, 59], "uv_size": [1, 2]},
								"down": {"uv": [60, 2], "uv_size": [1, -2]}
							}
						},
						{
							"origin": [3.4, -0.95477, -4.00652],
							"size": [1.2, 1.1, 2],
							"uv": {
								"north": {"uv": [52, 17], "uv_size": [1, 1]},
								"east": {"uv": [12, 24], "uv_size": [2, 1]},
								"south": {"uv": [53, 17], "uv_size": [1, 1]},
								"west": {"uv": [14, 24], "uv_size": [2, 1]},
								"up": {"uv": [42, 52], "uv_size": [1, 2]},
								"down": {"uv": [9, 55], "uv_size": [1, -2]}
							}
						}
					]
				},
				{
					"name": "bipedRightLeg",
					"pivot": [-2, 12, 0]
				},
				{
					"name": "armorRightLeg",
					"parent": "bipedRightLeg",
					"pivot": [-2, 12, 0],
					"cubes": [
						{
							"origin": [-4, 0, -2],
							"size": [4, 12, 4],
							"inflate": 0.3,
							"uv": {
								"north": {"uv": [67, 0], "uv_size": [-4, 12]},
								"east": {"uv": [48, 63], "uv_size": [-4, 12]},
								"south": {"uv": [67, 43], "uv_size": [-4, 12]},
								"west": {"uv": [67, 12], "uv_size": [-4, 12]},
								"up": {"uv": [27, 75], "uv_size": [-4, 4]},
								"down": {"uv": [80, 4], "uv_size": [-4, -4]}
							}
						}
					]
				},
				{
					"name": "armorRightBoot",
					"parent": "bipedRightLeg",
					"pivot": [-2, 12, 0],
					"cubes": [
						{
							"origin": [-4, 0, -2],
							"size": [4, 12, 4],
							"inflate": 0.8,
							"uv": {
								"north": {"uv": [52, 63], "uv_size": [-4, 12]},
								"east": {"uv": [60, 63], "uv_size": [-4, 12]},
								"south": {"uv": [67, 55], "uv_size": [-4, 12]},
								"west": {"uv": [56, 63], "uv_size": [-4, 12]},
								"up": {"uv": [8, 76], "uv_size": [-4, 4]},
								"down": {"uv": [80, 8], "uv_size": [-4, -4]}
							}
						}
					]
				},
				{
					"name": "rightBootSideHair",
					"parent": "armorRightBoot",
					"pivot": [-4.75, 1.75, 0],
					"cubes": [
						{
							"origin": [-4, 4.75, -2.25],
							"size": [0, 4, 4.5],
							"pivot": [-2, 3.75, -2],
							"rotation": [0, 0, -47.5],
							"uv": {
								"north": {"uv": [0, 0], "uv_size": [0, 4]},
								"east": {"uv": [41, 50], "uv_size": [-5, 4]},
								"south": {"uv": [0, 0], "uv_size": [0, 4]},
								"west": {"uv": [76, 59], "uv_size": [-5, 4]},
								"up": {"uv": [5, 0], "uv_size": [-5, 0]},
								"down": {"uv": [5, 0], "uv_size": [-5, 0]}
							}
						},
						{
							"origin": [-4, 2.75, -2.25],
							"size": [0, 4, 4.5],
							"pivot": [-2, 1.75, -2],
							"rotation": [0, 0, -47.5],
							"uv": {
								"north": {"uv": [0, 0], "uv_size": [0, 4]},
								"east": {"uv": [41, 50], "uv_size": [-5, 4]},
								"south": {"uv": [0, 0], "uv_size": [0, 4]},
								"west": {"uv": [76, 59], "uv_size": [-5, 4]},
								"up": {"uv": [5, 0], "uv_size": [-5, 0]},
								"down": {"uv": [5, 0], "uv_size": [-5, 0]}
							}
						},
						{
							"origin": [-4, 0.75, -2.25],
							"size": [0, 4, 4.5],
							"pivot": [-2, -0.25, -2],
							"rotation": [0, 0, -47.5],
							"uv": {
								"north": {"uv": [0, 0], "uv_size": [0, 4]},
								"east": {"uv": [41, 50], "uv_size": [-5, 4]},
								"south": {"uv": [0, 0], "uv_size": [0, 4]},
								"west": {"uv": [76, 59], "uv_size": [-5, 4]},
								"up": {"uv": [5, 0], "uv_size": [-5, 0]},
								"down": {"uv": [5, 0], "uv_size": [-5, 0]}
							}
						}
					]
				},
				{
					"name": "rightBootBackHair",
					"parent": "armorRightBoot",
					"pivot": [-2, 1.75, 2.75],
					"cubes": [
						{
							"origin": [-4.25, 0.75, 2],
							"size": [4.5, 4, 0],
							"pivot": [0, -0.25, 0],
							"rotation": [-47.5, 0, 0],
							"uv": {
								"north": {"uv": [71, 59], "uv_size": [5, 4]},
								"east": {"uv": [0, 0], "uv_size": [0, 4]},
								"south": {"uv": [36, 50], "uv_size": [5, 4]},
								"west": {"uv": [0, 0], "uv_size": [0, 4]},
								"up": {"uv": [5, 0], "uv_size": [-5, 0]},
								"down": {"uv": [5, 0], "uv_size": [-5, 0]}
							}
						},
						{
							"origin": [-4.25, 2.75, 2],
							"size": [4.5, 4, 0],
							"pivot": [0, 1.75, 0],
							"rotation": [-47.5, 0, 0],
							"uv": {
								"north": {"uv": [71, 59], "uv_size": [5, 4]},
								"east": {"uv": [0, 0], "uv_size": [0, 4]},
								"south": {"uv": [36, 50], "uv_size": [5, 4]},
								"west": {"uv": [0, 0], "uv_size": [0, 4]},
								"up": {"uv": [5, 0], "uv_size": [-5, 0]},
								"down": {"uv": [5, 0], "uv_size": [-5, 0]}
							}
						},
						{
							"origin": [-4.25, 4.75, 2],
							"size": [4.5, 4, 0],
							"pivot": [0, 3.75, 0],
							"rotation": [-47.5, 0, 0],
							"uv": {
								"north": {"uv": [71, 59], "uv_size": [5, 4]},
								"east": {"uv": [0, 0], "uv_size": [0, 4]},
								"south": {"uv": [36, 50], "uv_size": [5, 4]},
								"west": {"uv": [0, 0], "uv_size": [0, 4]},
								"up": {"uv": [5, 0], "uv_size": [-5, 0]},
								"down": {"uv": [5, 0], "uv_size": [-5, 0]}
							}
						}
					]
				},
				{
					"name": "bootNailsRight",
					"parent": "armorRightBoot",
					"pivot": [-0.5, -0.75, -4.25],
					"rotation": [20, 0, 0],
					"cubes": [
						{
							"origin": [-2.6, -0.95477, -4.00652],
							"size": [1.2, 1.1, 2],
							"uv": {
								"north": {"uv": [53, 17], "uv_size": [-1, 1]},
								"east": {"uv": [16, 24], "uv_size": [-2, 1]},
								"south": {"uv": [54, 17], "uv_size": [-1, 1]},
								"west": {"uv": [14, 24], "uv_size": [-2, 1]},
								"up": {"uv": [43, 52], "uv_size": [-1, 2]},
								"down": {"uv": [10, 55], "uv_size": [-1, -2]}
							}
						},
						{
							"origin": [-2.5, -1.95477, -5.50652],
							"size": [1, 2, 1.5],
							"uv": {
								"north": {"uv": [10, 55], "uv_size": [-1, 2]},
								"east": {"uv": [12, 48], "uv_size": [-2, 2]},
								"south": {"uv": [10, 57], "uv_size": [-1, 2]},
								"west": {"uv": [12, 46], "uv_size": [-2, 2]},
								"up": {"uv": [10, 59], "uv_size": [-1, 2]},
								"down": {"uv": [61, 2], "uv_size": [-1, -2]}
							}
						},
						{
							"origin": [-0.6, -0.95477, -4.00652],
							"size": [1.2, 1.1, 2],
							"uv": {
								"north": {"uv": [53, 17], "uv_size": [-1, 1]},
								"east": {"uv": [16, 24], "uv_size": [-2, 1]},
								"south": {"uv": [54, 17], "uv_size": [-1, 1]},
								"west": {"uv": [14, 24], "uv_size": [-2, 1]},
								"up": {"uv": [43, 52], "uv_size": [-1, 2]},
								"down": {"uv": [10, 55], "uv_size": [-1, -2]}
							}
						},
						{
							"origin": [-0.5, -1.95477, -5.50652],
							"size": [1, 2, 1.5],
							"uv": {
								"north": {"uv": [10, 55], "uv_size": [-1, 2]},
								"east": {"uv": [12, 48], "uv_size": [-2, 2]},
								"south": {"uv": [10, 57], "uv_size": [-1, 2]},
								"west": {"uv": [12, 46], "uv_size": [-2, 2]},
								"up": {"uv": [10, 59], "uv_size": [-1, 2]},
								"down": {"uv": [61, 2], "uv_size": [-1, -2]}
							}
						},
						{
							"origin": [-4.5, -1.95477, -5.50652],
							"size": [1, 2, 1.5],
							"uv": {
								"north": {"uv": [10, 55], "uv_size": [-1, 2]},
								"east": {"uv": [12, 48], "uv_size": [-2, 2]},
								"south": {"uv": [10, 57], "uv_size": [-1, 2]},
								"west": {"uv": [12, 46], "uv_size": [-2, 2]},
								"up": {"uv": [10, 59], "uv_size": [-1, 2]},
								"down": {"uv": [61, 2], "uv_size": [-1, -2]}
							}
						},
						{
							"origin": [-4.6, -0.95477, -4.00652],
							"size": [1.2, 1.1, 2],
							"uv": {
								"north": {"uv": [53, 17], "uv_size": [-1, 1]},
								"east": {"uv": [16, 24], "uv_size": [-2, 1]},
								"south": {"uv": [54, 17], "uv_size": [-1, 1]},
								"west": {"uv": [14, 24], "uv_size": [-2, 1]},
								"up": {"uv": [43, 52], "uv_size": [-1, 2]},
								"down": {"uv": [10, 55], "uv_size": [-1, -2]}
							}
						}
					]
				}
			]
		}
	]
}