{
  "hit_particle": "wom:solar_hit",
  "stun_animations": {
    "fall": "epicfight:biped/living/landing",
    "long": "epicfight:biped/combat/hit_long",
    "neutralize": "cdmoveset:biped/hit/guard_break2",
    "knockdown": "epicfight:biped/combat/knockdown",
    "short": "epicfight:biped/combat/hit_short",
    "hold": "cdmoveset:biped/hit/guard_break1"
  },
  "attributes": {
    "scale": 1.0,
    "impact": 0.5,
    "chasing_speed": 1.5,
    "armor_negation": 5.0,
    "max_strikes": 1,
    "stun_armor": 10.0
  },
  "model": "epicfight:entity/skeleton",
  "combat_behavior": [
    {
      "weapon_categories": [
        "axe"
      ],
      "style": "common",
      "behavior_series": [
        {
          "canBeInterrupted": 1,
          "weight": 10.0,
          "behaviors": [
            {
              "conditions": [
                {
                  "min": 0.0,
                  "max": 3.0,
                  "predicate": "epicfight:within_distance"
                },
                {
                  "predicate": "epicfight:offhand_item_category",
                  "category": "shield"
                },
                {
                  "predicate": "epicfight:within_eye_height"
                }
              ],
              "animation": "cdmoveset:biped/new/sword/sword_onehand_auto_1"
            }
          ],
          "cooldown": 5,
          "looping": 0
        },
        {
          "behaviors": [
            {
              "conditions": [
                {
                  "min": 0.0,
                  "max": 3.0,
                  "predicate": "epicfight:within_distance"
                },
                {
                  "predicate": "epicfight:offhand_item_category",
                  "category": "shield"
                },
                {
                  "predicate": "epicfight:within_eye_height"
                }
              ],
              "animation": "cdmoveset:biped/new/sword/sword_onehand_auto_2"
            }
          ],
          "cooldown": 5,
          "canBeInterrupted": 1,
          "weight": 10.0,
          "looping": 0
        },
        {
          "canBeInterrupted": 1,
          "weight": 10.0,
          "cooldown": 5,
          "looping": 0,
          "behaviors": [
            {
              "animation": "epicfight:biped/skill/the_guillotine",
              "conditions": [
                {
                  "max": 3.0,
                  "min": 0.0,
                  "predicate": "epicfight:within_distance"
                },
                {
                  "category": "shield",
                  "predicate": "epicfight:offhand_item_category"
                },
                {
                  "predicate": "epicfight:within_eye_height"
                }
              ]
            }
          ]
        },
        {
          "weight": 10.0,
          "canBeInterrupted": 1,
          "cooldown": 5,
          "looping": 0,
          "behaviors": [
            {
              "conditions": [
                {
                  "predicate": "epicfight:within_distance",
                  "max": 3.0,
                  "min": 0.0
                },
                {
                  "category": "fist",
                  "predicate": "epicfight:offhand_item_category"
                },
                {
                  "predicate": "epicfight:within_eye_height"
                }
              ],
              "animation": "cdmoveset:biped/new/dual_greatsword/combat/greatsword_twohand_auto_1"
            }
          ]
        },
        {
          "looping": 0,
          "canBeInterrupted": 1,
          "behaviors": [
            {
              "animation": "cdmoveset:biped/new/dual_greatsword/combat/greatsword_twohand_auto_2",
              "conditions": [
                {
                  "min": 0.0,
                  "predicate": "epicfight:within_distance",
                  "max": 3.0
                },
                {
                  "predicate": "epicfight:offhand_item_category",
                  "category": "fist"
                },
                {
                  "predicate": "epicfight:within_eye_height"
                }
              ]
            }
          ],
          "weight": 10.0,
          "cooldown": 5
        },
        {
          "cooldown": 5,
          "canBeInterrupted": 1,
          "weight": 10.0,
          "behaviors": [
            {
              "conditions": [
                {
                  "min": 0.0,
                  "predicate": "epicfight:within_distance",
                  "max": 3.0
                },
                {
                  "category": "fist",
                  "predicate": "epicfight:offhand_item_category"
                },
                {
                  "predicate": "epicfight:within_eye_height"
                }
              ],
              "animation": "cdmoveset:biped/new/dual_greatsword/combat/greatsword_twohand_auto_3"
            }
          ],
          "looping": 0
        },
		{
          "weight": 10.0,
          "cooldown": 5,
          "behaviors": [
            {
              "animation": "wom:biped/skill/roll_forward",
              "conditions": [
                {
                  "max": 3.0,
                  "min": 0.0,
                  "predicate": "epicfight:within_distance"
                },
                {
                  "predicate": "epicfight:within_eye_height"
                }
              ]
            }
          ],
          "looping": 0,
          "canBeInterrupted": 1
		}
      ]
    }
  ],
  "default_livingmotions": {
    "chase": "epicfight:biped/living/run",
    "idle": "epicfight:biped/living/idle",
    "walk": "epicfight:biped/living/walk",
    "death": "epicfight:biped/living/death"
  },
  "renderer": "minecraft:wither_skeleton",
  "hit_sound": "epicfight:entity.hit.blade",
  "swing_sound": "epicfight:entity.weapon.whoosh",
  "humanoid_weapon_motions": [
    {
      "livingmotions": {
        "idle": "epicfight:biped/living/hold_longsword",
        "chase": "epicfight:biped/living/run_longsword",
        "walk": "epicfight:biped/living/walk_longsword"
      },
      "weapon_categories": [
        "axe"
      ],
      "style": "common"
    }
  ],
  "armature": "epicfight:entity/skeleton",
  "faction": "undead",
  "isHumanoid": true
}