{
  "hit_sound": "epicfight:entity.hit.blade",
  "faction": "undead",
  "attributes": {
    "armor_negation": 5.0,
    "max_strikes": 2,
    "scale": 1.0,
    "chasing_speed": 1.5,
    "impact": 0.5,
    "stun_armor": 10.0
  },
  "renderer": "minecraft:zombie",
  "combat_behavior": [
    {
      "style": "common",
      "behavior_series": [
        {
          "looping": 0,
          "canBeInterrupted": 1,
          "behaviors": [
            {
              "conditions": [
                {
                  "max": 4.0,
                  "min": 0.0,
                  "predicate": "epicfight:within_distance"
                }
              ],
              "animation": "wom:biped/combat/ruine_chatiment"
            }
          ],
          "weight": 10.0,
          "cooldown": 10
        },
        {
          "cooldown": 10,
          "weight": 10.0,
          "behaviors": [
            {
              "animation": "cdmoveset:biped/new/dual_tachi/great_tachi_auto3",
              "conditions": [
                {
                  "max": 4.0,
                  "min": 0.0,
                  "predicate": "epicfight:within_distance"
                }
              ]
            }
          ],
          "looping": 0,
          "canBeInterrupted": 0
        },
        {
          "weight": 10.0,
          "canBeInterrupted": 1,
          "cooldown": 10,
          "looping": 0,
          "behaviors": [
            {
              "conditions": [
                {
                  "min": 0.0,
                  "max": 4.0,
                  "predicate": "epicfight:within_distance"
                }
              ],
              "animation": "wom:biped/combat/solar_auto_2"
            }
          ]
        }
      ],
      "weapon_categories": [
        "spear"
      ]
    }
  ],
  "humanoid_weapon_motions": [
    {
      "weapon_categories": [
        "spear"
      ],
      "style": "common",
      "livingmotions": {
        "idle": "cdmoveset:biped/new/dual_greatsword/living/greatsword_dual_idle",
        "walk": "cdmoveset:biped/new/katana/walk_unsheath",
        "chase": "wom:biped/living/torment_berserk_run"
      }
    }
  ],
  "model": "epicfight:entity/biped",
  "armature": "epicfight:entity/biped",
  "default_livingmotions": {
    "walk": "epicfight:biped/living/walk",
    "fall": "epicfight:biped/living/fall",
    "idle": "epicfight:biped/living/idle",
    "death": "epicfight:biped/living/death",
    "chase": "epicfight:biped/living/run"
  },
  "stun_animations": {
    "short": "epicfight:biped/combat/hit_short",
    "knockdown": "epicfight:biped/combat/knockdown",
    "long": "epicfight:biped/combat/hit_long",
    "neutralize": "cdmoveset:biped/hit/guard_break2"
  },
  "swing_sound": "epicfight:entity.weapon.whoosh",
  "hit_particle": "wom:solar_hit",
  "isHumanoid": true
}